company,score,tier,action,total_jobs,jobs_last_30_days,locations,signal_count,primary_signal,all_signals,first_seen,last_activity
Unknown,70,Tier 2: Warm,ğŸŒ¡ï¸ Targeted Campaign,103,103,11,3,Treasury Transformation Program,Treasury Transformation Program | Cash Forecasting Enhancement | Treasury Organization Redesign,2026-02-15,2026-02-22
SAP,40,Tier 3: Qualified,ğŸ“‹ Marketing Funnel,2,2,2,0,None,,2026-02-19,2026-02-22
Sopra Steria,30,Tier 4: Monitor,ğŸ‘€ Database Only,1,1,1,0,None,,2026-02-19,2026-02-19
cbs Corporate Business Solutions Unternehmensberatung,30,Tier 4: Monitor,ğŸ‘€ Database Only,1,1,1,0,None,,2026-02-22,2026-02-22
Deloitte,30,Tier 4: Monitor,ğŸ‘€ Database Only,1,1,1,0,None,,2026-02-22,2026-02-22
Giesecke+Devrient,25,Tier 4: Monitor,ğŸ‘€ Database Only,1,1,1,1,Treasury Organization Redesign,Treasury Organization Redesign,2026-02-22,2026-02-22
HorvÃ¡th,25,Tier 4: Monitor,ğŸ‘€ Database Only,1,1,1,0,None,,2026-02-22,2026-02-22
Scheer Group,25,Tier 4: Monitor,ğŸ‘€ Database Only,1,1,1,1,Cash Forecasting Enhancement,Cash Forecasting Enhancement,2026-02-22,2026-02-22
zeb,25,Tier 4: Monitor,ğŸ‘€ Database Only,1,1,1,0,None,,2026-02-22,2026-02-22
EY Deutschland,25,Tier 4: Monitor,ğŸ‘€ Database Only,1,1,1,0,None,,2026-02-22,2026-02-22
KPMG AG WirtschaftsprÃ¼fungsgesellschaft,25,Tier 4: Monitor,ğŸ‘€ Database Only,1,1,1,0,None,,2026-02-22,2026-02-22
Preyer,25,Tier 4: Monitor,ğŸ‘€ Database Only,1,1,1,0,None,,2026-02-22,2026-02-22
UBS,20,Tier 4: Monitor,ğŸ‘€ Database Only,2,2,2,0,None,,2026-02-16,2026-02-16
PwC,20,Tier 4: Monitor,ğŸ‘€ Database Only,2,2,1,1,Cash Forecasting Enhancement,Cash Forecasting Enhancement,2026-02-16,2026-02-16
Steck Human Resources Management,20,Tier 4: Monitor,ğŸ‘€ Database Only,2,2,2,0,None,,2026-02-19,2026-02-19
Sensirion,20,Tier 4: Monitor,ğŸ‘€ Database Only,2,2,2,0,None,,2026-02-21,2026-02-22
WÃ¼rth Management,20,Tier 4: Monitor,ğŸ‘€ Database Only,2,2,2,0,None,,2026-02-22,2026-02-22
Keystone Recruitment,20,Tier 4: Monitor,ğŸ‘€ Database Only,3,3,1,0,None,,2026-02-22,2026-02-22
