Company;Job Title;Country;Responsible;In Hubspot;Last Contacted;Job Source;Job Run Date;Technologies;Job URL;Suggested Topics;Last Projects
Condair Group;Head of Group Accounting & Treasury;Switzerland;Tobias;Nein;;Jobs.ch;2026-04-24;;https://www.jobs.ch/en/vacancies/detail/f442640d-1b8a-40dd-9daa-5e9dbf0707ce/;;
ISBANK;Mitarbeiter (m/w/d) für den Bereich Treasury;Germany;Carsten;Ja;;StepStone.de;2026-04-24;;https://www.stepstone.de/cmp/de/isbank-ag-71861/jobs;;
x1F;Consultant SAP Cash & Liquidity Management im Treasury & Risk Team;Germany;Carsten;Ja;;StepStone.de;2026-04-24;;https://www.stepstone.de/cmp/de/x1f-gmbh-311578/jobs;;
Sopra Steria;Senior Consultant SAP TRM (m/w/d);Germany;Carsten;Ja;2025-11-20;StepStone.de;2026-04-24;;https://www.stepstone.de/cmp/de/sopra-steria-3313/jobs;;
MMG Treasury;(Senior) Manager SAP Treasury (w/m/d);Germany;Carsten;Nein;;StepStone.de;2026-04-24;;https://www.stepstone.de/cmp/de/mmg-treasury-gmbh-5010230/jobs;;
Jörg Zander;SAP Treasury Senior Consultant (w/m/d);Germany;Carsten;Nein;;StepStone.de;2026-04-24;;https://www.stepstone.de/cmp/de/j%c3%b6rg-zander-5006656/jobs;;
SAP;SAP Business Processes Consultant (w/m/d) für SAP Treasury;Germany;Carsten;Nein;;StepStone.de;2026-04-24;;https://www.stepstone.de/cmp/de/sap-se-215050/jobs;;
cbs Corporate Business Solutions Unternehmensberatung;(Senior) Consultant (m/w/d) SAP Treasury & Risk Management;Germany;Carsten;Ja;2026-01-13;StepStone.de;2026-04-24;;https://www.stepstone.de/cmp/de/cbs-corporate-business-solutions-unternehmensberatung-gmbh-39139/jobs;;
MUFG BankN.V. Germany Branch;Vice President, Cash & Liquidity Management Sales;Germany;Carsten;Nein;;StepStone.de;2026-04-24;;https://www.stepstone.de/cmp/de/mufg-bank-europe-nv-germany-branch-5017549/jobs;;
Baumann Unternehmensberatung;Leiter Produkt- & Portfoliostrategie (m/w/d) | Finanzierungslösungen;Germany;Stephan;Nein;;StepStone.de;2026-04-24;;https://www.stepstone.de/cmp/de/baumann-unternehmensberatung-ag-5660/jobs;;
ING Deutschland;Expertise Lead Market & Growth – Bau- & Immobilienfinanzierung (w/m/d);Germany;Stephan;Ja;;StepStone.de;2026-04-24;;https://www.stepstone.de/cmp/de/ing-deutschland-1874/jobs;;
Morgan Stanley;ED, P5, Corporate Treasury ? Market-facing/Managing Risk : Job Level - Executive Director;Germany;Carsten;Ja;2025-11-17;StepStone.de;2026-04-24;;https://www.stepstone.de/cmp/de/morgan-stanley-68183/jobs;;
Union Investment;Spezialist*in Treasury;Germany;Carsten;Ja;;StepStone.de;2026-04-24;;https://www.stepstone.de/cmp/de/union-investment-47090/jobs;;
HypoVereinsbank - UniCredit - Deutschland;Spezialist Cash Management & Wertpapierabwicklung (m/w/d);Germany;Sven;Nein;;StepStone.de;2026-04-24;;https://www.stepstone.de/cmp/de/hypovereinsbank-unicredit-deutschland-9506/jobs;;
Unsere Grüne Glasfaser GmbH & Co. KG;Treasury Manager (m/w/d);Germany;Carsten;Ja;2023-02-21;StepStone.de;2026-04-24;;https://www.stepstone.de/cmp/de/unsere-gr%c3%bcne-glasfaser-gmbh-%26-co-kg-261084/jobs;;
Rodenstock;Corporate Treasury System & Integration Manager (m/w/d);Germany;Carsten;Ja;;StepStone.de;2026-04-24;;https://www.stepstone.de/cmp/de/rodenstock-gmbh-7132/jobs;;
KPMG AG Wirtschaftsprüfungsgesellschaft;(Junior) Consultant Treasury Accounting & Commodity / Energy Trading (w/m/d);Germany;Carsten;Ja;;StepStone.de;2026-04-24;;https://www.stepstone.de/cmp/de/kpmg-ag-wirtschaftspr%c3%bcfungsgesellschaft-8038/jobs;;
Airbus Bank;Spezialist Back Office Treasury (Refinanzierung, Wertpapiere, Cash Management) m/w/d;Germany;Sven;Ja;2025-09-30;StepStone.de;2026-04-24;;https://www.stepstone.de/cmp/de/airbus-bank-gmbh-142663/jobs;;
V-Bank;Mitarbeiter (g.n.) im Bereich Treasury / Junior Treasury Manager (g.n.);Germany;Carsten;Ja;2025-02-24;StepStone.de;2026-04-24;;https://www.stepstone.de/cmp/de/v-bank-ag-420252/jobs;;
Stuttgarter Straßenbahnen AG;Teamleitung Liquiditätsmanagement (m/w/d);Germany;Carsten;Ja;;StepStone.de;2026-04-24;;https://www.stepstone.de/cmp/de/stuttgarter-stra%c3%9fenbahnen-ag-ssb-35834/jobs;;
Krannich Group;Senior Treasury Manager m/w/d;Germany;Carsten;Nein;;StepStone.de;2026-04-24;;https://www.stepstone.de/cmp/de/krannich-group-gmbh-155337/jobs;;
Peter Döhle Schiffahrts-KG;Treasury Specialist (m/w/d);Germany;Carsten;Nein;;StepStone.de;2026-04-24;;https://www.stepstone.de/cmp/de/peter-d%c3%b6hle-schiffahrts-kg-41970/jobs;;
HOWOGE Wohnungsbaugesellschaft mbH;Spezialist Investor Relations und Treasury (m/w/d);Germany;Carsten;Nein;;StepStone.de;2026-04-24;;https://www.stepstone.de/cmp/de/howoge-wohnungsbaugesellschaft-mbh-72060/jobs;;
Kreissparkasse Böblingen;Zentralbereichsleitung Treasury (m/w/d);Germany;Carsten;Ja;2025-10-17;StepStone.de;2026-04-24;;https://www.stepstone.de/cmp/de/kreissparkasse-b%c3%b6blingen-69551/jobs;;
CNT Management Consulting;Senior/Lead Consultant Treasury;Germany;Carsten;Nein;;StepStone.de;2026-04-24;;https://www.stepstone.de/cmp/de/cnt-management-consulting-gmbh-5011154/jobs;;
HANSAINVEST - Hanseatische Investment-GmbH;Mitarbeiter Treasury (m/w/d);Germany;Carsten;Ja;2025-10-08;StepStone.de;2026-04-24;;https://www.stepstone.de/cmp/de/hansainvest-hanseatische-investment-gmbh-78793/jobs;;
Paribus Holding GmbH & Co. KG;Senior Specialist Zahlungsverkehr & Treasury (m/w/d);Germany;Carsten;Nein;;StepStone.de;2026-04-24;;https://www.stepstone.de/cmp/de/paribus-holding-gmbh-%26-co-kg-171812/jobs;;
NEXANS SUISSE;21 job offers - Treasury / Controlling / Auditing;Switzerland;Tobias;Nein;;Jobs.ch;2026-04-24;;https://www.jobs.ch/en/vacancies/banking-insurance/treasury-controlling-auditing/;;
Calida;Teamlead Accounting & Treasury (m/w/d);Switzerland;Tobias;Ja;;Jobs.ch;2026-04-24;;https://www.jobs.ch/en/vacancies/detail/70f1f001-32d3-40c0-a9f3-bfea74b50ba8/;;
Ronal;Treasury Expert;Switzerland;Tobias;Ja;;Jobs.ch;2026-04-24;;https://www.jobs.ch/en/vacancies/detail/23b8d508-ba80-470d-9c7e-72a5f87a92f2/;;
Interogo Holding;Team Leader Treasury;Switzerland;Tobias;Ja;2025-10-03;Jobs.ch;2026-04-24;;https://www.jobs.ch/en/vacancies/detail/5049d2c5-1b35-4d74-b149-e0e7e4e384b3/;;
Jungheinrich Aktiengesellschaft;Manager Group Treasury (m/w/d) - Schwerpunkt Finanzierung;Germany;Stephan;Ja;2025-10-02;StepStone.de;2026-04-24;;https://www.stepstone.de/cmp/de/jungheinrich-aktiengesellschaft-50975/jobs;;
Nord-Ostsee Automobile SE & Co. KG;Treasury Manager (m/w/d);Germany;Carsten;Nein;;StepStone.de;2026-04-24;;https://www.stepstone.de/cmp/de/nord-ostsee-automobile-se-%26-co-kg-175939/jobs;;
PNE;Treasury Systems & Electronic Banking Manager (m/w/d);Germany;Carsten;Nein;;StepStone.de;2026-04-24;;https://www.stepstone.de/cmp/de/pne-ag-8152/jobs;;
ID Logistics Germany;Treasury Manager (m/w/d);Germany;Carsten;Nein;;StepStone.de;2026-04-24;;https://www.stepstone.de/cmp/de/id-logistics-germany-gmbh-255377/jobs;;
BayWa;Treasury Manager (m/w/d) mit Schwerpunkt Cash Forecast;Germany;Carsten;Ja;;StepStone.de;2026-04-24;;https://www.stepstone.de/cmp/de/baywa-ag-25827/jobs;;
abcbank;(Junior) Referent Treasury (m/w/d);Germany;Carsten;Nein;;StepStone.de;2026-04-24;;https://www.stepstone.de/cmp/de/abcbank-gmbh-86731/jobs;;
Exyte Germany;Expert Data Analytics Finance / Treasury;Germany;Carsten;Nein;;StepStone.de;2026-04-24;;https://www.stepstone.de/cmp/de/exyte-germany-gmbh-102313/jobs;;
Schnellecke Logistics Deutschland;Senior Treasury Expert m/w/d;Germany;Carsten;Ja;;StepStone.de;2026-04-24;;https://www.stepstone.de/cmp/de/schnellecke-logistics-deutschland-gmbh-176407/jobs;;
EPOS Personaldienstleistungen GmbH, Geschäftsstelle Köln;Treasury Manager (m/w/d);Germany;Carsten;Ja;2025-04-03;StepStone.de;2026-04-24;;https://www.stepstone.de/cmp/de/epos-personaldienstleistungen-gmbh_gesch%c3%a4ftsstelle-k%c3%b6ln-55121/jobs;;
IIM;Global Financial Reporting & Treasury Manager (m/w/d);Germany;Carsten;Nein;;StepStone.de;2026-04-24;;https://www.stepstone.de/cmp/de/iim-gmbh-422087/jobs;;
Nitrochemie Aschau;Senior Specialist Finanzen und Treasury (m/w/d);Germany;Carsten;Nein;;StepStone.de;2026-04-24;;https://www.stepstone.de/cmp/de/nitrochemie-aschau-gmbh-97198/jobs;;
Alterric;Referent:in Treasury (m/w/d);Germany;Carsten;Nein;;StepStone.de;2026-04-24;;https://www.stepstone.de/cmp/de/alterric-gmbh-267799/jobs;;
DZ BANK;Senior-Händler Treasury m/w/d;Germany;Carsten;Ja;2026-02-05;StepStone.de;2026-04-24;;https://www.stepstone.de/cmp/de/dz-bank-ag-25368/jobs;;
FIEGE Logistik Stiftung & Co. KG;Referent Corporate Finance & Treasury (m/w/d);Germany;Carsten;Ja;;StepStone.de;2026-04-24;;https://www.stepstone.de/cmp/de/fiege-logistik-stiftung-%26-co-kg-118195/jobs;;
medermis clinics;Group Treasury Manager (m/w/d);Germany;Carsten;Nein;;StepStone.de;2026-04-24;;https://www.stepstone.de/cmp/de/medermis-clinics-gmbh-316597/jobs;;
thyssenkrupp Materials Services;Manager:in Treasury Strategy & Operations (m/w/d);Germany;Carsten;Ja;2025-03-24;StepStone.de;2026-04-24;;https://www.stepstone.de/cmp/de/thyssenkrupp-materials-services-gmbh-43825/jobs;;
Berliner Verkehrsbetriebe;Fachgebietsleiterin / Fachgebietsleiter Liquiditätsmanagement / Versicherungen (w/m/d);Germany;Carsten;Nein;;StepStone.de;2026-04-23;;https://www.stepstone.de/cmp/de/berliner-verkehrsbetriebe-bvg-84396/jobs;;
PwC;Senior Associate / Manager Financial Services Consulting - Liquidity & Funding;Switzerland;Tobias;Ja;;Jobs.ch;2026-04-22;;https://www.jobs.ch/en/vacancies/detail/b5da463f-72e7-49f4-ae76-41f62e5ed66c/;;
Berliner Sparkasse;Trainee (m/w/d) Kredit - Treasury;Germany;Carsten;Ja;;StepStone.de;2026-04-22;;https://www.stepstone.de/cmp/de/berliner-sparkasse-133282/jobs;;
Deutsche Apotheker- und Ärztebank eG - apoBank;(Senior) Spezialist Kreditanalyst Eigenanlagen - Treasury Portfolio (m/w/d);Germany;Carsten;Ja;2025-03-09;StepStone.de;2026-04-22;;https://www.stepstone.de/cmp/de/deutsche-apotheker-und-%c3%84rztebank-eg-apobank-3713/jobs;;
BANK OF CHINA LIMITED Zweigniederlassung Frankfurt;Trader / Treasury Management (m/f/d);Germany;Carsten;Ja;2025-03-13;StepStone.de;2026-04-22;;https://www.stepstone.de/cmp/de/bank-of-china-limited-zweigniederlassung-frankfurt-160914/jobs;;
Hettich Management Service;Corporate Treasury Manager*in;Germany;Carsten;Nein;;StepStone.de;2026-04-21;;https://www.stepstone.de/cmp/de/hettich-management-service-gmbh-43206/jobs;;
ZIEMANN HOLVRIEKA GmbH Zentrale;Referent Treasury und Tax (m/w/d);Germany;Carsten;Nein;;StepStone.de;2026-04-21;;https://www.stepstone.de/cmp/de/ziemann-holvrieka-gmbh-zentrale-424890/jobs;;
Bank of China Limited;Trader / Treasury Management (m/f/d);Germany;Carsten;Ja;2025-03-13;StepStone.de;2026-04-21;;https://www.stepstone.de/cmp/de/bank-of-china-limited-160914/jobs;;
Emil Frey Gruppe Schweiz;Mitarbeiter/in Treasury;Switzerland;Tobias;Ja;;Jobs.ch;2026-04-21;;https://www.jobs.ch/en/vacancies/detail/666671a9-a1e7-4b57-b07c-57ed539f074e/;;
Interogo Holding;8 Head of Treasury job offers;Switzerland;Tobias;Ja;2025-10-03;Jobs.ch;2026-04-19;;https://www.jobs.ch/en/vacancies/?term=Head%20of%20Treasury;;
Ronal;6 Treasurer job offers;Switzerland;Tobias;Ja;;Jobs.ch;2026-04-19;;https://www.jobs.ch/en/vacancies/?term=Treasurer;;
Bank Julius Bär & Co.;Treasury: Capital Management & Group Insurance Analyst 100% (f/m/d);Switzerland;Tobias;Nein;;Jobs.ch;2026-04-19;;https://www.jobs.ch/en/vacancies/detail/cece96e5-07e2-48ef-8257-9c66919eef78/;;
ODDO BHF;13 Treasury Operations job offers;Switzerland;Tobias;Ja;2025-11-11;Jobs.ch;2026-04-19;;https://www.jobs.ch/en/vacancies/?term=Treasury%20Operations;;
"Deloitte Geneva, Zurich Save Apply 2 quarters ago Risk Analyst, Controllership & Treasury, Technology & Transformation Apply Save 20 December 2025 100% Geneva, Zurich Job summary Hide Join Deloitte's Technology & Transformation team in Geneva or Zurich! Enjoy a dynamic work environment with growth opportunities. Tasks Help clients manage risk and transform their business effectively. Design efficient control frameworks based on business needs. Build client relationships to enhance risk management practices. Skills Requires a Master's or Bachelor's degree in relevant fields. Fluency in English and German or French is essential. Knowledge of SAP and business processes is a plus. Is this helpful? About the job Basic information Business line Technology & Transformation City Geneva, Zurich Experience level Graduate Working time percentage 80% - 100% Date published 27-Mar-2026 Req # 21658 Job description Location: Zurich, Geneva Work Pattern Percentage: 80 -100% Finding the talent that makes Deloitte unique Help our clients effectively manage their business as a Deloitte Risk Analyst Organisations are exposed to an increased level of uncertainty and rely on the effective management of risk to achieve desired business outcomes. A core part of managing risk are internal controls and the appropriate management of third parties. The increasing burden of maintaining adherence to regulatory requirements means that reducing the cost of compliance is currently a key priority on many Board agendas. We strive to help our clients by using different techniques and technology to build up cost-conscious risk frameworks that correspond to their continuously changing business needs. How you can make an impact Understanding business requirements and business transformation, and translating them into efficient and smart control frameworks Identifying operational, compliance or regulatory requirements as well as automation opportunities and design the relevant internal controls to help manage/mitigate risk Gaining experience of the latest technologies and understanding/managing the impact of these on the internal control environment of a company Offer strategic guidance to organizations by advising them on effective Supply Chain Risk and Resilience Management strategies and process to ensure alignment with industry best practices and regulations Build and maintain client relationships in the risk and controls area to continue to grow our practice Who we are looking for You have a Master’s or Bachelor’s degreeEagerness to build knowledge and expertise of the core business processesand respective business risks and process level controls Knowledge of Enterprise Resource Planning systemsand other technologies is an advantage Previous professional services experience is a strong asset Ability to multi-task and effectively manage competing requests from stakeholders You are fluent in English and at least one of German or French You are available to start in September 2026Your team Our Risk Consulting team is one of the fastest growing areas in Deloitte. Thus, we can offer unrivalled career growth & learning opportunities. Successful candidates will get the opportunity to help us develop our market offering and the potential to work closely with our clients, either within our own team or as part of a bigger multidisciplinary project team. Careers at Deloitte. Choose your impact At Deloitte, your ideas create impact and spark meaningful change for our clients, people and society. Your unique expertise, background and perspective helps us find new ways into the most complex challenges so we can brighten the futures of those our work affects. At Deloitte, you can build a career that inspires and energises you. At Deloitte, you can choose your impact. In Switzerland, we provide industry-specific services in the areas of Audit & Assurance, Tax & Legal, Strategy, Risk & Transactions Advisory, and Technology & Transformation. With close to 3,000 employees at six locations, we serve companies and organisations of all sizes in all industry sectors. We offer meaningful and challenging work, an inclusive and supportive environment where you can be your best self and where you will never stop growing. You will benefit from flexible and hybrid working conditions, wellbeing and parental programmes as well as many opportunities to connect, collaborate and learn. Join us and become part of a global network of like-minded people dedicated to making a difference, whether by addressing climate change or improving 100 million futures by 2030. Want to know more about opportunities at Deloitte? Visit www.deloitte.com/ch/careers . How to apply We look forward to hearing from you! Please click on “apply now"" to submit a complete application, including CV, cover letter, references and degree certificates. If you have any questions, please contact Sidorela at E-Mail schreiben *We consider all qualified applicants for employment regardless of race, ethnicity, religious beliefs, gender, sexual orientation, gender identity, national origin, age or disability, in accordance with applicable law. Research shows that women are less likely to apply for roles unless they match all the criteria; don’t hold yourself back - apply today. We do not accept applications from recruitment agencies for this position. Deloitte AG and Deloitte Consulting AG are Swiss subsidiaries of Deloitte LLP, the DTTL member firm in the United Kingdom. Requisition number: 21658";Risk Analyst, Controllership & Treasury, Technology & Transformation;Switzerland;Tobias;Ja;;Jobs.ch;2026-04-19;;https://www.jobs.ch/en/vacancies/detail/c59b3222-9b1c-4c8d-ae8b-88d9f98a5df3/;;
LGT Capital Partners;5 Treasury Analyst job offers;Switzerland;Tobias;Ja;2024-07-22;Jobs.ch;2026-04-19;;https://www.jobs.ch/en/vacancies/?term=Treasury%20Analyst;;
Constructor Capital;12 Corporate Treasury job offers;Switzerland;Tobias;Nein;;Jobs.ch;2026-04-19;;https://www.jobs.ch/en/vacancies/?term=Corporate%20Treasury;;
Bank Julius Bär & Co.;Intern - Treasury Risk 60-100% (f/m/d), 6-9 Months;Switzerland;Tobias;Nein;;Jobs.ch;2026-04-19;;https://www.jobs.ch/en/vacancies/detail/b7e5ce57-2854-4cc2-9e93-1f39506b6926/;;
Constructor Capital;18 Liquidity job offers;Switzerland;Tobias;Nein;;Jobs.ch;2026-04-19;;https://www.jobs.ch/en/vacancies/?term=Liquidity;;
Fischer AG Immobilienmanagement;193 Cash Management job offers;Switzerland;Sven;Nein;;Jobs.ch;2026-04-19;;https://www.jobs.ch/en/vacancies/?term=Cash%20Management;;
Airport Casino Basel;62 Cash Manager job offers;Switzerland;Tobias;Nein;;Jobs.ch;2026-04-19;;https://www.jobs.ch/en/vacancies/?term=Cash%20Manager;;
Ronal;3 Group Treasurer job offers;Switzerland;Tobias;Ja;;Jobs.ch;2026-04-19;;https://www.jobs.ch/en/vacancies/?term=Group%20Treasurer;;
Stadtwerke Kiel;Betriebswirt als Liquiditätsmanager / IT-Administrator Finanzprozesse (m/w/d);Germany;Carsten;Nein;;StepStone.de;2026-04-19;;https://www.stepstone.de/cmp/de/stadtwerke-kiel-ag-24064/jobs;;
Bank Julius Bär & Co.;Treasury Specialist - Recovery & Resolution Planning (RRP) 100% (f/m/d);Switzerland;Tobias;Nein;;Jobs.ch;2026-04-19;;https://www.jobs.ch/en/vacancies/detail/90dee3b5-cfb5-4b17-b536-49984fe36bba/;;
Interogo Holding;65 Treasury job offers;Switzerland;Tobias;Ja;2025-10-03;Jobs.ch;2026-04-19;;https://www.jobs.ch/en/vacancies/?term=Treasury;;
BECKER + PARTNER Personalberatung u. Managementberatung für den Mittelstand;Kaufmännischer Leiter (m/w/d) Finanzen, Rechnungswesen, Controlling, Liquiditätssteuerung;Germany;Carsten;Nein;;StepStone.de;2026-04-19;;https://www.stepstone.de/cmp/de/becker-%2b-partner-personalberatung-u-managementberatung-f%c3%bcr-den-mittelstand-85440/jobs;;
Hensel Recycling;Bachelorarbeit zu dem Thema: Hedging-Strategien zur Absicherung von Rohstoffpreisrisiken im Unternehmenskontext: Eine praxisorientierte Analyse;Germany;Carsten;Nein;;StepStone.de;2026-04-19;;https://www.stepstone.de/cmp/de/hensel-recycling-gmbh-5128286/jobs;;
CVE International;Finanzbuchhalter - Controlling / Treasury (m/w/d);Germany;Carsten;Ja;;StepStone.de;2026-04-19;;https://www.stepstone.de/cmp/de/cve-international-gmbh-412598/jobs;;
F&W - Fördern & Wohnen AöR;SAP-Anwendungsbetreuer/in RE/FX (m/w/d);Germany;Carsten;Nein;;StepStone.de;2026-04-19;;https://www.stepstone.de/cmp/de/f%26w-f%c3%b6rdern-%26-wohnen-a%c3%b6r-63081/jobs;;
Hays – Working for your tomorrow;SAP RE-FX Berater (m/w/d);Germany;Alexander;Ja;;StepStone.de;2026-04-19;SAP;https://www.stepstone.de/cmp/de/hays-%e2%80%93-working-for-your-tomorrow-28362/jobs;;
GWH Wohnungsgesellschaft mbH Hessen;SAP Berater / SAP Inhouse Consultant (m/w/d) - SAP RE/FX, FI/CO;Germany;Alexander;Ja;;StepStone.de;2026-04-19;SAP;https://www.stepstone.de/cmp/de/gwh-wohnungsgesellschaft-mbh-hessen-134229/jobs;;
Landeshauptstadt Stuttgart;Anwendungsbetreuer/-in SAP RE-FX (m/w/d);Germany;Alexander;Nein;;StepStone.de;2026-04-19;SAP;https://www.stepstone.de/cmp/de/landeshauptstadt-stuttgart-188529/jobs;;
Kompetenzcenter Risikosteuerung KC Risk;Consultant Banken-Treasury / Risikocontroller/ Treasury-Manager (m/w/d) Vollzeit;Germany;Carsten;Ja;;StepStone.de;2026-04-19;;https://www.stepstone.de/cmp/de/kompetenzcenter-risikosteuerung-kc-risk-ag-5098470/jobs;;
S-International Westfalen-Lippe;Treasury Berater - Zinsen / Devisen / Rohstoff / WpHG (m/w/d);Germany;Carsten;Ja;;StepStone.de;2026-04-19;;https://www.stepstone.de/cmp/de/s-international-westfalen-lippe-321721/jobs;;
RAPA Automotive GmbH & Co. KG;Junior Manager / Assistant Treasury (m/w/d);Germany;Carsten;Nein;;StepStone.de;2026-04-19;;https://www.stepstone.de/cmp/de/rapa-automotive-gmbh-%26-co-kg-1949/jobs;;
Ronal;25 Treasury Manager job offers;Switzerland;Tobias;Ja;;Jobs.ch;2026-04-19;;https://www.jobs.ch/en/vacancies/?term=Treasury%20Manager;;
SIX Group;1 Treasury referenz job offer;Switzerland;Tobias;Ja;2025-10-21;Jobs.ch;2026-04-19;;https://www.jobs.ch/en/vacancies/?term=Treasury%20Referent;;
SIX Group;Treasury Analyst;Switzerland;Tobias;Ja;2025-10-21;Jobs.ch;2026-04-19;;https://www.jobs.ch/en/vacancies/detail/a8b3e97b-3966-4f86-9084-b28004d865f8/;;
Zürcher Kantonalbank und ihre Tochtergesellschaften;1 Interne treasury manager job offer;Switzerland;Tobias;Ja;2026-02-05;Jobs.ch;2026-04-19;;https://www.jobs.ch/en/vacancies/?term=Interim%20Treasury%20Manager;;
Ayvens;Treasury Analyst (w/m/d);Germany;Carsten;Ja;2026-02-03;StepStone.de;2026-04-19;;https://www.stepstone.de/cmp/de/ayvens-409765/jobs;;
Bank Julius Bär & Co.;Senior FX/PM Options Trader, New York Shift (based in Zurich), 100% (f/m/d);Switzerland;Tobias;Nein;;Jobs.ch;2026-04-19;;https://www.jobs.ch/en/vacancies/detail/54a14252-4e2b-480b-91ba-f6a3f0b8abb8/;;
Garda Capital Partners Sàrl;11 Hedging job offers;Switzerland;Tobias;Nein;;Jobs.ch;2026-04-19;;https://www.jobs.ch/en/vacancies/?term=Hedging;;
EFG Bank AG Lugano Save Apply 2 months ago IT Trading & Treasury Solutions Specialist Apply Save 12 February 2026 100% Permanent position Lugano Job summary Hide Join EFG International as an IT Trading & Treasury Solutions Specialist. A dynamic environment with great opportunities awaits! Tasks Provide end-to-end support for IT trading platforms and incident resolution. Liaise with IT departments and Operations teams to resolve broader issues. Coordinate IT projects to upgrade trading platforms and applications. Skills University degree in computer science, finance, or related field required. Proficient in programming languages like Java, Python, and SQL. Strong analytical skills and ability to work under pressure. Is this helpful? About the job IT Trading & Treasury Solutions Specialist Job Description General Info Department: IT Trading Work time Percentage: 100% Location: Lugano Our Company EFG International is a global private banking group, offering private banking and asset management services. We serve clients in over 40 locations worldwide. EFG International offers a stimulating and dynamic work environment and strives to be an employer of choice. EFG is committed to providing an equitable and inclusive working environment that is founded on the principle of mutual respect. Joining our team means experiencing a supportive environment, where your contributions are valued and recognised. We strongly believe that the diversity of our teams gives us a competitive advantage by fostering better decision-making and greater innovation. Our Purpose and Mission Empowering entrepreneurial minds to create value – today and for the future. We are a private bank, offering personalised solutions on a global scale to private and institutional clients. Our sustainable success is based on our talents and on how we partner with our clients and communities to create lasting value. Job Description The IT Treasury and Trading team delivers efficient, effective support and IT solutions for applications and processes in client order execution, trading, treasury, and lending/collateral management. The team comprises both functional and technical experts supporting a Trading/Treasury room of approximately 50 traders. This role ensures continuity in client services and drives ongoing improvements in deliverable quality. Main responsibilities Run the Bank: end-to-end support on the IT trading platforms used for Securities Lending & Collateral, Islamic Finance, Securities and Derivatives execution and trading, spanning from application maintenance to analysis and resolution on daily incidents, liaising with external vendors where applicable. Run the Bank: act as entry point to trading desk for broader issues that require liaising with other IT departments to cover the full stackor with Operations teamsChange the Bank: coordinate and execute various IT projects aimed at evolving or upgrading the IT trading platforms, either developed and released internally or by application providers: collection of business needs, solution design and documentation, development where applicable and/or vendor coordination, creation of test cases catalogue and execution of IT tests, support to user acceptance test, rollout and post production support Change the Bank: development of departmental applications aimed at covering gaps of the existing IT applications, mainly in the area of system integration and reporting Change the Bank: management of tools for the automation of health checks on trading IT platforms to eventually guarantee the service to internal clients Skills and experience A university degree, preferably in computer science, finance or an equivalent educational background Very good knowledge of programming languages, application serverand database systemsGood knowledge of financial productsand main bank processesVery good analytic skill, tech curiosity, proactivity in identifying the best tech solution to a business need Capability to work under constant pressure FlexibilityCapability to integrate in a wider IT team and good team player Good communication skillsOur Values Accountability: Taking ownership for tasks and challenges, as well as seeking continuous improvement Hands-on: Being proactive to rapidly deliver high-quality results Passionate: Being committed and striving for excellence Solution-driven: Focusing on client outcomes and treating clients fairly with a risk-aware mindset Partnership-oriented: Promoting collaboration and teamwork. Working together with an entrepreneurial spirit. Please ensure to attach a cover letter to your CV when filling the application. Application Should you wish to apply for this position use this link to apply.;IT Trading & Treasury Solutions Specialist;Switzerland;Tobias;Ja;2025-12-03;Jobs.ch;2026-04-19;;https://www.jobs.ch/en/vacancies/detail/1646f5b6-f269-4459-a1d9-9674317515f3/;;
fenaco Genossenschaft;Specialist Middle Office Group Treasury w/m/d 100%;Switzerland;Tobias;Ja;;Jobs.ch;2026-04-19;;https://www.jobs.ch/en/vacancies/detail/a1f6b71f-7140-45ee-9be6-698751458014/;;
Bank Julius Bär & Co.;12 FX Risk job offers;Switzerland;Tobias;Nein;;Jobs.ch;2026-04-19;;https://www.jobs.ch/en/vacancies/?term=FX%20Risk;;
KPMG;(Senior) Consultant - Strategic Treasury Transformation Advisory;Switzerland;Tobias;Ja;2025-09-02;Jobs.ch;2026-04-19;;https://www.jobs.ch/en/vacancies/detail/338e497c-8f23-4634-b4d7-58ced0d668af/;;
"Deloitte Basel, Geneva, Zurich Save Apply 3 quarters ago Senior Consultant - Treasury Advisory Apply Save 25 August 2025 100% Basel, Geneva, Zurich Job summary Hide Join Deloitte's Treasury Advisory team in Switzerland! Unlock career potential with impactful projects. Tasks Implement treasury management systems like Kyriba and SAP TMS. Lead treasury workstreams in large SAP S/4HANA transformations. Facilitate treasury conferences and manage client engagements. Skills 3+ years in Corporate Treasury processes and systems required. Strong analytical and problem-solving skills essential. Fluent in English and German with excellent communication skills. Is this helpful? About the job Basic information Business line Technology & Transformation City Basel, Geneva, Zurich Experience level Experienced Working time percentage 80% - 100% Date published 06-Jan-2026 Req # 19135 Job description Location: Zurich, Basel, Geneva Working time percentage: 80% - 100% You bring ambition, we provide opportunities Our Treasury Advisory practice supports customers to solve complex Treasury problems ranging from strategy development, policy enhancements and process optimisation to system implementations, using deep Treasury process and technology expertise. The Treasury Advisory team delivers treasury focussed transformation programmes based on a holistic process design approach, implemented using cutting edge solutions and technology. We partner with global technology providers and combine their tools with our proven expertise to offer effective solutions to our clients. How you can make an impact Your responsibilities will comprise of the following: Support the implementation of treasury management systems, such as SAP TMS / Kyriba / FIS and others Support large SAP S/4HANA transformation programs by leading the treasury workstream Execute the delivery of Treasury Advisory projects involving analysis of treasury operating models, optimising treasury guidelines and policies, optimising banking, cash and payment processes and solutions, implementing in-house banking and payment factory solutions, and related process improvements. Support in Treasury Health Check / Review / Internal Audit engagements to help clients assess and benchmark their Treasury organisation, processes and systems with market best practices In addition to delivering projects, you will be a key member of the Treasury Advisory team, responsibilities include: Support in facilitating Treasury conferences, workshops and customer focused events Manage Engagement Delivery and present project deliverables to clientmanagement Generate Leads by engaging with clients within the Swiss market and within the wider European market by collaborating with other Treasury experts within the Deloitte network Lead and Coach junior team members in the team Who we are looking for Subject Matter Expertise in Corporate Treasury processes and systemsExperience in the design and implementation of Treasury Management Systems, e.g.: Implementation experience in Kyriba or least one other treasury systemKnowledge in one or more SAP modules in the area of TreasuryExperience in the Swiss market with a network of fellow Treasury professionals Consulting experience and analytical and design thinking with a zeal for problem solving A passion for exchanging knowledge and ideas with your colleagues Positivity and enthusiasm, with an eagerness to learn and build a robust career in Treasury consulting Strong Written and Oral communication skills Fluent English and German language skills Your team Our Treasury Advisory team belongs to the wider Finance Transformation practice and is committed to helping clients transform their Finance organization by designing and implementing solutions in enterprise, finance and supply chain, treasury transformations, incorporating advanced technology applications such as artificial intelligence and IoT. The Treasury Advisory practice also works closely with the wider Deloitte Treasury network, leveraging deep expertise and market insights from across the globe. Most engagements involve international teams with SMEs and consultants working as one team and helping clients achieve their objectives. Careers at Deloitte. Choose your impact. At Deloitte, your ideas create impact and spark meaningful change for our clients, people and society. Your unique expertise, background and perspective helps us find new ways into the most complex challenges so we can brighten the futures of those our work affects. At Deloitte, you can build a career that inspires and energises you. At Deloitte, you can choose your impact. In Switzerland, we provide industry-specific services in the areas of Audit & Assurance, Tax & Legal, Strategy, Risk & Transactions Advisory, and Technology & Transformation. With close to 3,000 employees at six locations, we serve companies and organisations of all sizes in all industry sectors. We offer meaningful and challenging work, an inclusive and supportive environment where you can be your best self and where you will never stop growing. You will benefit from flexible and hybrid working conditions, wellbeing and parental programmes as well as many opportunities to connect, collaborate and learn. Join us and become part of a global network of like-minded people dedicated to making a difference, whether by addressing climate change or improving 100 million futures by 2030. Want to know more about opportunities at Deloitte? Visit www.deloitte.com/ch/careers . How to apply We look forward to hearing from you! Please click on “apply now” to submit a complete application, including CV, cover letter, references and degree certificates. If you have any questions, please contact Sidorela at E-Mail schreiben *We consider all qualified applicants for employment regardless of race, ethnicity, religious beliefs, gender, sexual orientation, gender identity, national origin, age or disability, in accordance with applicable law. Research shows that women are less likely to apply for roles unless they match all the criteria; don’t hold yourself back – apply today. We do not accept applications from recruitment agencies for this position. Deloitte Consulting AG and Deloitte AG are affiliates of Deloitte NSE LLP, a member firm of Deloitte Touche Tohmatsu Limited, a UK private company limited by guaranteeRequisition ID: 19135";Senior Consultant - Treasury Advisory;Switzerland;Tobias;Ja;2025-11-26;Jobs.ch;2026-04-19;;https://www.jobs.ch/en/vacancies/detail/8d62bf70-ff0f-45d5-ad3d-5f6d297a5409/;;
Humanis;17 Treasury Consultant job offers;Switzerland;Tobias;Nein;;Jobs.ch;2026-04-19;;https://www.jobs.ch/en/vacancies/?term=Treasury%20Consultant;;
Zürcher Kantonalbank und ihre Tochtergesellschaften;Senior Treasury Specialist (m/f/d);Switzerland;Tobias;Ja;2026-02-05;Jobs.ch;2026-04-19;;https://www.jobs.ch/en/vacancies/detail/6066a10d-7630-41bd-9906-ea3e58b7b1ec/;;
"Deloitte Basel, Geneva, Zurich Save Apply 3 quarters ago Senior Consultant - Treasury Advisory Apply Save 25 August 2025 100% Basel, Geneva, Zurich About the job Basic information Business line Technology & Transformation City Basel, Geneva, Zurich Experience level Experienced Working time percentage 80% - 100% Date published 06-Jan-2026 Req # 19135 Job description Location: Zurich, Basel, Geneva Working time percentage: 80% - 100% You bring ambition, we provide opportunities Our Treasury Advisory practice supports customers to solve complex Treasury problems ranging from strategy development, policy enhancements and process optimisation to system implementations, using deep Treasury process and technology expertise. The Treasury Advisory team delivers treasury focussed transformation programmes based on a holistic process design approach, implemented using cutting edge solutions and technology. We partner with global technology providers and combine their tools with our proven expertise to offer effective solutions to our clients. How you can make an impact Your responsibilities will comprise of the following: Support the implementation of treasury management systems, such as SAP TMS / Kyriba / FIS and others Support large SAP S/4HANA transformation programs by leading the treasury workstream Execute the delivery of Treasury Advisory projects involving analysis of treasury operating models, optimising treasury guidelines and policies, optimising banking, cash and payment processes and solutions, implementing in-house banking and payment factory solutions, and related process improvements. Support in Treasury Health Check / Review / Internal Audit engagements to help clients assess and benchmark their Treasury organisation, processes and systems with market best practices In addition to delivering projects, you will be a key member of the Treasury Advisory team, responsibilities include: Support in facilitating Treasury conferences, workshops and customer focused events Manage Engagement Delivery and present project deliverables to clientmanagement Generate Leads by engaging with clients within the Swiss market and within the wider European market by collaborating with other Treasury experts within the Deloitte network Lead and Coach junior team members in the team Who we are looking for Subject Matter Expertise in Corporate Treasury processes and systemsExperience in the design and implementation of Treasury Management Systems, e.g.: Implementation experience in Kyriba or least one other treasury systemKnowledge in one or more SAP modules in the area of TreasuryExperience in the Swiss market with a network of fellow Treasury professionals Consulting experience and analytical and design thinking with a zeal for problem solving A passion for exchanging knowledge and ideas with your colleagues Positivity and enthusiasm, with an eagerness to learn and build a robust career in Treasury consulting Strong Written and Oral communication skills Fluent English and German language skills Your team Our Treasury Advisory team belongs to the wider Finance Transformation practice and is committed to helping clients transform their Finance organization by designing and implementing solutions in enterprise, finance and supply chain, treasury transformations, incorporating advanced technology applications such as artificial intelligence and IoT. The Treasury Advisory practice also works closely with the wider Deloitte Treasury network, leveraging deep expertise and market insights from across the globe. Most engagements involve international teams with SMEs and consultants working as one team and helping clients achieve their objectives. Careers at Deloitte. Choose your impact. At Deloitte, your ideas create impact and spark meaningful change for our clients, people and society. Your unique expertise, background and perspective helps us find new ways into the most complex challenges so we can brighten the futures of those our work affects. At Deloitte, you can build a career that inspires and energises you. At Deloitte, you can choose your impact. In Switzerland, we provide industry-specific services in the areas of Audit & Assurance, Tax & Legal, Strategy, Risk & Transactions Advisory, and Technology & Transformation. With close to 3,000 employees at six locations, we serve companies and organisations of all sizes in all industry sectors. We offer meaningful and challenging work, an inclusive and supportive environment where you can be your best self and where you will never stop growing. You will benefit from flexible and hybrid working conditions, wellbeing and parental programmes as well as many opportunities to connect, collaborate and learn. Join us and become part of a global network of like-minded people dedicated to making a difference, whether by addressing climate change or improving 100 million futures by 2030. Want to know more about opportunities at Deloitte? Visit www.deloitte.com/ch/careers . How to apply We look forward to hearing from you! Please click on “apply now” to submit a complete application, including CV, cover letter, references and degree certificates. If you have any questions, please contact Sidorela at E-Mail schreiben *We consider all qualified applicants for employment regardless of race, ethnicity, religious beliefs, gender, sexual orientation, gender identity, national origin, age or disability, in accordance with applicable law. Research shows that women are less likely to apply for roles unless they match all the criteria; don’t hold yourself back – apply today. We do not accept applications from recruitment agencies for this position. Deloitte Consulting AG and Deloitte AG are affiliates of Deloitte NSE LLP, a member firm of Deloitte Touche Tohmatsu Limited, a UK private company limited by guaranteeRequisition ID: 19135";1 Coupa Treasury job offer;Switzerland;Tobias;Ja;2025-11-26;Jobs.ch;2026-04-19;Coupa Treasury;https://www.jobs.ch/en/vacancies/?term=Coupa%20Treasury;;
Tuwag Immobilien;12 Liquiditätsmanagement job offers;Switzerland;Tobias;Nein;;Jobs.ch;2026-04-19;;https://www.jobs.ch/en/vacancies/?term=Liquidit%C3%A4tsmanagement;;
"Deloitte Basel, Geneva, Zurich Save Apply 3 quarters ago Senior Consultant - Treasury Advisory Apply Save 25 August 2025 100% Basel, Geneva, Zurich About the job Basic information Business line Technology & Transformation City Basel, Geneva, Zurich Experience level Experienced Working time percentage 80% - 100% Date published 06-Jan-2026 Req # 19135 Job description Location: Zurich, Basel, Geneva Working time percentage: 80% - 100% You bring ambition, we provide opportunities Our Treasury Advisory practice supports customers to solve complex Treasury problems ranging from strategy development, policy enhancements and process optimisation to system implementations, using deep Treasury process and technology expertise. The Treasury Advisory team delivers treasury focussed transformation programmes based on a holistic process design approach, implemented using cutting edge solutions and technology. We partner with global technology providers and combine their tools with our proven expertise to offer effective solutions to our clients. How you can make an impact Your responsibilities will comprise of the following: Support the implementation of treasury management systems, such as SAP TMS / Kyriba / FIS and others Support large SAP S/4HANA transformation programs by leading the treasury workstream Execute the delivery of Treasury Advisory projects involving analysis of treasury operating models, optimising treasury guidelines and policies, optimising banking, cash and payment processes and solutions, implementing in-house banking and payment factory solutions, and related process improvements. Support in Treasury Health Check / Review / Internal Audit engagements to help clients assess and benchmark their Treasury organisation, processes and systems with market best practices In addition to delivering projects, you will be a key member of the Treasury Advisory team, responsibilities include: Support in facilitating Treasury conferences, workshops and customer focused events Manage Engagement Delivery and present project deliverables to clientmanagement Generate Leads by engaging with clients within the Swiss market and within the wider European market by collaborating with other Treasury experts within the Deloitte network Lead and Coach junior team members in the team Who we are looking for Subject Matter Expertise in Corporate Treasury processes and systemsExperience in the design and implementation of Treasury Management Systems, e.g.: Implementation experience in Kyriba or least one other treasury systemKnowledge in one or more SAP modules in the area of TreasuryExperience in the Swiss market with a network of fellow Treasury professionals Consulting experience and analytical and design thinking with a zeal for problem solving A passion for exchanging knowledge and ideas with your colleagues Positivity and enthusiasm, with an eagerness to learn and build a robust career in Treasury consulting Strong Written and Oral communication skills Fluent English and German language skills Your team Our Treasury Advisory team belongs to the wider Finance Transformation practice and is committed to helping clients transform their Finance organization by designing and implementing solutions in enterprise, finance and supply chain, treasury transformations, incorporating advanced technology applications such as artificial intelligence and IoT. The Treasury Advisory practice also works closely with the wider Deloitte Treasury network, leveraging deep expertise and market insights from across the globe. Most engagements involve international teams with SMEs and consultants working as one team and helping clients achieve their objectives. Careers at Deloitte. Choose your impact. At Deloitte, your ideas create impact and spark meaningful change for our clients, people and society. Your unique expertise, background and perspective helps us find new ways into the most complex challenges so we can brighten the futures of those our work affects. At Deloitte, you can build a career that inspires and energises you. At Deloitte, you can choose your impact. In Switzerland, we provide industry-specific services in the areas of Audit & Assurance, Tax & Legal, Strategy, Risk & Transactions Advisory, and Technology & Transformation. With close to 3,000 employees at six locations, we serve companies and organisations of all sizes in all industry sectors. We offer meaningful and challenging work, an inclusive and supportive environment where you can be your best self and where you will never stop growing. You will benefit from flexible and hybrid working conditions, wellbeing and parental programmes as well as many opportunities to connect, collaborate and learn. Join us and become part of a global network of like-minded people dedicated to making a difference, whether by addressing climate change or improving 100 million futures by 2030. Want to know more about opportunities at Deloitte? Visit www.deloitte.com/ch/careers . How to apply We look forward to hearing from you! Please click on “apply now” to submit a complete application, including CV, cover letter, references and degree certificates. If you have any questions, please contact Sidorela at E-Mail schreiben *We consider all qualified applicants for employment regardless of race, ethnicity, religious beliefs, gender, sexual orientation, gender identity, national origin, age or disability, in accordance with applicable law. Research shows that women are less likely to apply for roles unless they match all the criteria; don’t hold yourself back – apply today. We do not accept applications from recruitment agencies for this position. Deloitte Consulting AG and Deloitte AG are affiliates of Deloitte NSE LLP, a member firm of Deloitte Touche Tohmatsu Limited, a UK private company limited by guaranteeRequisition ID: 19135";1 ION Treasury job offer;Switzerland;Stephan;Ja;2025-11-26;Jobs.ch;2026-04-19;ION Treasury;https://www.jobs.ch/en/vacancies/?term=ION%20Treasury;;
Undisclosed employer 2074 Marin-Epagnier Save Apply Yesterday SAP FICO Functional Engineer Apply Save 18 April 2026 100% Permanent position English, French2074 Marin-Epagnier About the job Metalor is a Swiss-based leading precious metal company that was created in 1852. With subsidiaries in 15 countries and more than 1550 employees across the world. the Metalor Group has 3 business units, each corresponding to a group of specific markets: Refining, Electrotechnics and Advanced Coatings. Based at our sites in Marin, we are currently looking for a: SAP FICO Functional Engineer Reporting to the Global IT Manager, this role is ideal for a professional with a strong foundation in financial processes and SAP configuration, looking to grow within a dynamic and supportive environment. You will play a key role in supporting our SAP finance landscape by providing functional support to business users, assisting with configuration and enhancements within the FIand COmodules of SAP ERP, and contributing to continuous improvements that enhance financial processes and user experience. Your Key responsabilities Analyze and challenge business requirements to design robust, scalable, and compliant SAP processes aligned with best practices. Serve as a key point of contact for finance stakeholders, providing guidance on SAP capabilities and process optimization. Analyze business requirements from finance and accounting teams. Configure and maintain the FIand COmodules in SAP ERP. Participate in SAP implementation and enhancement projects, including migrations or upgrades to SAP S/4HANA. Lead the optimization and automation initiatives of financial and controlling processes through the integration of MM, PP, and SD modules Bring strong functional expertise across FI submodules, and CO, as well as TRM and BCM within SAP ERP. Provide functional support and troubleshoot issues related to SAP FICO modules. Collaboration, training & documentation Collaborate closely with SAP experts from other fieldsto ensure end-to-end process integration. Train business users and key users, ensuring adoption of new functionalities and best practices. Produce and maintain high-quality functional documentation, including process flows, configuration documentation, and user guides. Qualifications : Bachelor’s or Master’s degree in Finance, Accounting, Information Systems, Business Administration, or a related field. Proven experience working with FIand COmodules in SAP ERP. Experience with implementations, upgrades, or support projects in SAP S/4HANA is a strong advantage. Strong understanding of financial processes such as general ledger, accounts payable/receivable, asset accounting, and cost controlling. Experience in SAP configuration and customization of financial modules. Ability to analyze business requirements and translate them into SAP solutions. Experience working with cross-functional SAP modules such as SAP MM and SAP SD is a plus. Excellent problem-solving, communication, and stakeholder management skills. Fluent in English and French. SAP certification in FICO or related areas is considered an asset. Entry date : To be disussed Activity rate : 100% Performance, Innovation, Trust, Respect and Ethics are our core values. We encourage our employees and provide them with the tools and training that enable them to develop and evolve successfully in an international Group. We offer equal opportunity, a healthy, safe and secure working environment and competitive compensation and benefits. We are looking forward to receiving your applicationthrough www.jobup.ch;6 SAP TRM job offers;Switzerland;Alexander;Ja;2025-10-24;Jobs.ch;2026-04-19;SAP;https://www.jobs.ch/en/vacancies/?term=SAP%20TRM;;
Calida;Teamlead Accounting & Treasury (m/f/d);Switzerland;Tobias;Ja;;Jobs.ch;2026-04-19;;https://www.jobs.ch/en/vacancies/detail/dae551d7-ab0c-4912-aebf-c08f189281ce/;;
Ronal;18 SAP Treasury job offers;Switzerland;Alexander;Ja;;Jobs.ch;2026-04-19;SAP;https://www.jobs.ch/en/vacancies/?term=SAP%20Treasury;;
"Deloitte Basel, Geneva, Zurich Save Apply 3 quarters ago Senior Consultant - Treasury Advisory Apply Save 25 August 2025 100% Basel, Geneva, Zurich About the job Basic information Business line Technology & Transformation City Basel, Geneva, Zurich Experience level Experienced Working time percentage 80% - 100% Date published 06-Jan-2026 Req # 19135 Job description Location: Zurich, Basel, Geneva Working time percentage: 80% - 100% You bring ambition, we provide opportunities Our Treasury Advisory practice supports customers to solve complex Treasury problems ranging from strategy development, policy enhancements and process optimisation to system implementations, using deep Treasury process and technology expertise. The Treasury Advisory team delivers treasury focussed transformation programmes based on a holistic process design approach, implemented using cutting edge solutions and technology. We partner with global technology providers and combine their tools with our proven expertise to offer effective solutions to our clients. How you can make an impact Your responsibilities will comprise of the following: Support the implementation of treasury management systems, such as SAP TMS / Kyriba / FIS and others Support large SAP S/4HANA transformation programs by leading the treasury workstream Execute the delivery of Treasury Advisory projects involving analysis of treasury operating models, optimising treasury guidelines and policies, optimising banking, cash and payment processes and solutions, implementing in-house banking and payment factory solutions, and related process improvements. Support in Treasury Health Check / Review / Internal Audit engagements to help clients assess and benchmark their Treasury organisation, processes and systems with market best practices In addition to delivering projects, you will be a key member of the Treasury Advisory team, responsibilities include: Support in facilitating Treasury conferences, workshops and customer focused events Manage Engagement Delivery and present project deliverables to clientmanagement Generate Leads by engaging with clients within the Swiss market and within the wider European market by collaborating with other Treasury experts within the Deloitte network Lead and Coach junior team members in the team Who we are looking for Subject Matter Expertise in Corporate Treasury processes and systemsExperience in the design and implementation of Treasury Management Systems, e.g.: Implementation experience in Kyriba or least one other treasury systemKnowledge in one or more SAP modules in the area of TreasuryExperience in the Swiss market with a network of fellow Treasury professionals Consulting experience and analytical and design thinking with a zeal for problem solving A passion for exchanging knowledge and ideas with your colleagues Positivity and enthusiasm, with an eagerness to learn and build a robust career in Treasury consulting Strong Written and Oral communication skills Fluent English and German language skills Your team Our Treasury Advisory team belongs to the wider Finance Transformation practice and is committed to helping clients transform their Finance organization by designing and implementing solutions in enterprise, finance and supply chain, treasury transformations, incorporating advanced technology applications such as artificial intelligence and IoT. The Treasury Advisory practice also works closely with the wider Deloitte Treasury network, leveraging deep expertise and market insights from across the globe. Most engagements involve international teams with SMEs and consultants working as one team and helping clients achieve their objectives. Careers at Deloitte. Choose your impact. At Deloitte, your ideas create impact and spark meaningful change for our clients, people and society. Your unique expertise, background and perspective helps us find new ways into the most complex challenges so we can brighten the futures of those our work affects. At Deloitte, you can build a career that inspires and energises you. At Deloitte, you can choose your impact. In Switzerland, we provide industry-specific services in the areas of Audit & Assurance, Tax & Legal, Strategy, Risk & Transactions Advisory, and Technology & Transformation. With close to 3,000 employees at six locations, we serve companies and organisations of all sizes in all industry sectors. We offer meaningful and challenging work, an inclusive and supportive environment where you can be your best self and where you will never stop growing. You will benefit from flexible and hybrid working conditions, wellbeing and parental programmes as well as many opportunities to connect, collaborate and learn. Join us and become part of a global network of like-minded people dedicated to making a difference, whether by addressing climate change or improving 100 million futures by 2030. Want to know more about opportunities at Deloitte? Visit www.deloitte.com/ch/careers . How to apply We look forward to hearing from you! Please click on “apply now” to submit a complete application, including CV, cover letter, references and degree certificates. If you have any questions, please contact Sidorela at E-Mail schreiben *We consider all qualified applicants for employment regardless of race, ethnicity, religious beliefs, gender, sexual orientation, gender identity, national origin, age or disability, in accordance with applicable law. Research shows that women are less likely to apply for roles unless they match all the criteria; don’t hold yourself back – apply today. We do not accept applications from recruitment agencies for this position. Deloitte Consulting AG and Deloitte AG are affiliates of Deloitte NSE LLP, a member firm of Deloitte Touche Tohmatsu Limited, a UK private company limited by guaranteeRequisition ID: 19135";2 Kyriba job offers;Switzerland;Sven;Ja;2025-11-26;Jobs.ch;2026-04-19;Kyriba;https://www.jobs.ch/en/vacancies/?term=Kyriba;;
fenaco Genossenschaft;1 Konzern-treasury job offer;Switzerland;Tobias;Ja;;Jobs.ch;2026-04-19;;https://www.jobs.ch/en/vacancies/?term=Konzerntreasury;;
Casino Interlaken;Sachbearbeiter:in Zahlungsverkehr und Geldwäschereibekämpfung (w/m/d);Switzerland;Tobias;Ja;;Jobs.ch;2026-04-19;;https://www.jobs.ch/en/vacancies/detail/efb99391-9208-4366-8ce8-fd989375b5e5/;;
Livit;Fachspezialist:in Buchhaltung Zahlungsverkehr;Switzerland;Tobias;Nein;;Jobs.ch;2026-04-19;;https://www.jobs.ch/en/vacancies/detail/5ef680f9-430e-4da4-84ae-2b7118b52b9e/;;
Livit;Fachspezialist:in Buchhaltung Zahlungsverkehr;Switzerland;Tobias;Nein;;Jobs.ch;2026-04-19;;https://www.jobs.ch/en/vacancies/detail/55e822ec-0d6e-48a2-9927-e9f6f0775c5b/;;
Livit;142 Zahlungsverkehr job offers;Switzerland;Tobias;Nein;;Jobs.ch;2026-04-19;;https://www.jobs.ch/en/vacancies/?term=Zahlungsverkehr;;
ACADEMIA Holding;Treasury Manager (m/w/d);Germany;Carsten;Nein;;StepStone.de;2026-04-19;;https://www.stepstone.de/cmp/de/academia-holding-gmbh-5078880/jobs;;
Münchener Hypothekenbank eG;Buchhalter Zahlungsverkehr (m|w|d);Germany;Carsten;Nein;;StepStone.de;2026-04-19;;https://www.stepstone.de/cmp/de/m%c3%bcnchener-hypothekenbank-eg-38729/jobs;;
ad agencyservices;Associate Cash Management/ Mitarbeiter Bank (m/w/d);Germany;Sven;Nein;;StepStone.de;2026-04-19;;https://www.stepstone.de/cmp/de/ad-agencyservices-gmbh-177501/jobs;;
Mittelbrandenburgische Sparkasse in Potsdam Anstalt des öffentlichen Rechts;Treasurer (w/m/d);Germany;Carsten;Ja;2025-10-17;StepStone.de;2026-04-19;;https://www.stepstone.de/cmp/de/mittelbrandenburgische-sparkasse-in-potsdam-anstalt-des-%c3%b6ffentlichen-rechts-9121/jobs;;
Wetzel Personalberatung;38 Liquidität job offers;Switzerland;Tobias;Nein;;Jobs.ch;2026-04-19;;https://www.jobs.ch/en/vacancies/?term=Liquidit%C3%A4t;;
DZR Deutsches Zahnärztliches Rechenzentrum GmbH - Dr. Güldener Gruppe;Requirements Engineer (m/w/d) mit Schwerpunkt Buchhaltung & Cash Management;Germany;Sven;Nein;;StepStone.de;2026-04-19;;https://www.stepstone.de/cmp/de/dzr-deutsches-zahn%c3%a4rztliches-rechenzentrum-gmbh-dr-g%c3%bcldener-gruppe-130004/jobs;;
Volksbank Schwarzwald-Donau-Neckar eG;Sachbearbeiter internationaler Zahlungsverkehr (w/m/d);Germany;Carsten;Nein;;StepStone.de;2026-04-19;;https://www.stepstone.de/cmp/de/volksbank-schwarzwald-donau-neckar-eg-70366/jobs;;
meine Volksbank Raiffeisenbank eG, Bad Aibling;Teamleiter (m/w/d) SB-/Cashmanagement;Germany;Carsten;Nein;;StepStone.de;2026-04-19;;https://www.stepstone.de/cmp/de/meine-volksbank-raiffeisenbank-eg_bad-aibling-5004079/jobs;;
Workwise;Finanzbuchhalter - Jahresabschluss / Liquidität (m/w/d);Germany;Carsten;Ja;2025-10-16;StepStone.de;2026-04-19;;https://www.stepstone.de/cmp/de/workwise-gmbh-191177/jobs;;
Sparkasse Neuss;AnalystIn „Projektfinanzierungen“ (m/w/d);Germany;Stephan;Ja;2025-10-17;StepStone.de;2026-04-19;;https://www.stepstone.de/cmp/de/sparkasse-neuss-72478/jobs;;
Caritasverband für die Diözese Münster e. V.;Analyst:in Krankenhausfinanzierung (w/m/d);Germany;Stephan;Nein;;StepStone.de;2026-04-19;;https://www.stepstone.de/cmp/de/caritasverband-f%c3%bcr-die-di%c3%b6zese-m%c3%bcnster-e-v-227189/jobs;;
Exyte Management;Expert Corporate Treasury - Data Analytics (m/w/d);Germany;Carsten;Nein;;StepStone.de;2026-04-19;;https://www.stepstone.de/cmp/de/exyte-management-gmbh-213960/jobs;;
WIKA Gruppe;Spezialist Corporate Treasury (m/w/d);Germany;Carsten;Ja;2025-04-28;StepStone.de;2026-04-19;;https://www.stepstone.de/cmp/de/wika-gruppe-3856/jobs;;
CEWE Stiftung & Co.;Corporate Treasurer (all genders) CEWE Group;Germany;Carsten;Nein;;StepStone.de;2026-04-19;;https://www.stepstone.de/cmp/de/cewe-stiftung-%26-co-kgaa-133558/jobs;;
Universitätsklinikum Bonn;Sachbearbeiter Bilanzbuchhaltung & Liquiditätsmanagement (m/w/d);Germany;Carsten;Nein;;StepStone.de;2026-04-19;;https://www.stepstone.de/cmp/de/universit%c3%a4tsklinikum-bonn-65037/jobs;;
Stöbich Holding GmbH & Co. KG;Spezialist Konzernrechnungslegung und Liquiditätssteuerung (m/w/d);Germany;Carsten;Nein;;StepStone.de;2026-04-19;;https://www.stepstone.de/cmp/de/st%c3%b6bich-holding-gmbh-%26-co-kg-99887/jobs;;
Kennametal;Senior Treasury Analyst;Germany;Carsten;Ja;2025-09-30;StepStone.de;2026-04-19;;https://www.stepstone.de/cmp/de/kennametal-gmbh-5017603/jobs;;
Sparda-Bank Baden-Württemberg eG;Gruppenleitung Zahlungsverkehr (m/w/d) - Abteilung Payment;Germany;Carsten;Ja;;StepStone.de;2026-04-19;;https://www.stepstone.de/cmp/de/sparda-bank-baden-w%c3%bcrttemberg-eg-134131/jobs;;
Sparkasse Hannover;Sachbearbeiter (m/w/d) Zahlungsverkehr und Anlage;Germany;Carsten;Ja;;StepStone.de;2026-04-19;;https://www.stepstone.de/cmp/de/sparkasse-hannover-191805/jobs;;
Sparkasse Bielefeld;Sachbearbeiter:in Marktfolge - Zahlungsverkehr / Zentrale Prozessbearbeitung in Voll- oder Teilzeit;Germany;Carsten;Ja;2025-10-17;StepStone.de;2026-04-19;;https://www.stepstone.de/cmp/de/sparkasse-bielefeld-71894/jobs;;
Atruvia;Werkstudent Software Testing & Qualitätssicherung Zahlungsverkehr (m/w/d) | COBZAA;Germany;Carsten;Nein;;StepStone.de;2026-04-19;;https://www.stepstone.de/cmp/de/atruvia-ag-275261/jobs;;
Zahlungswerk;Produktmanager Zahlungsverkehr / Netzbetrieb (m/w/d);Germany;Carsten;Nein;;StepStone.de;2026-04-19;;https://www.stepstone.de/cmp/de/zahlungswerk-gmbh-280940/jobs;;
HS Hallensysteme;Sachbearbeiter (m/w/d) Buchhaltung Zahlungsverkehr und Banken;Germany;Carsten;Nein;;StepStone.de;2026-04-19;;https://www.stepstone.de/cmp/de/hs-hallensysteme-gmbh-145104/jobs;;
meinestadt.de;Mitarbeiter Zahlungsverkehr (m/w/d);Germany;Carsten;Nein;;StepStone.de;2026-04-19;;https://www.stepstone.de/cmp/de/meinestadtde-218724/jobs;;
Finanz Informatik GmbH & Co. KG;Experte Payment / Zahlungsverkehr EBICS (m/w/d);Germany;Carsten;Ja;2025-11-18;StepStone.de;2026-04-19;;https://www.stepstone.de/cmp/de/finanz-informatik-gmbh-%26-co-kg-142521/jobs;;
LVM Versicherung;Sachbearbeiter im Zahlungsverkehr (m/w/d);Germany;Carsten;Nein;;StepStone.de;2026-04-19;;https://www.stepstone.de/cmp/de/lvm-versicherung-72573/jobs;;
SERVISCOPE;Support Mitarbeiter (m/w/d) Online Banking & Zahlungsverkehr;Germany;Carsten;Nein;;StepStone.de;2026-04-19;;https://www.stepstone.de/cmp/de/serviscope-ag-285406/jobs;;
Deutsche Rentenversicherung Baden-Württemberg;Mitarbeiter (m/w/d) Zahlungsverkehr;Germany;Carsten;Nein;;StepStone.de;2026-04-19;;https://www.stepstone.de/cmp/de/deutsche-rentenversicherung-baden-w%c3%bcrttemberg-178206/jobs;;
Verlag C.H.BECK;Finanzbuchhalter (m/w/d) – Schwerpunkt Zahlungsverkehr / Banken;Germany;Carsten;Nein;;StepStone.de;2026-04-19;;https://www.stepstone.de/cmp/de/verlag-chbeck-52334/jobs;;
Audi Motorsport;Senior Treasurer;Switzerland;Tobias;Ja;2024-06-24;Jobs.ch;2026-04-08;;https://www.jobs.ch/en/vacancies/detail/1120f205-3292-4cb7-9999-7370892e0851/;;
Merz Pharma;Treasury Specialist (80 – 100%);Switzerland;Tobias;Nein;;Jobs.ch;2026-04-08;;https://www.jobs.ch/en/vacancies/detail/29805ed8-2d6e-4d98-ad00-e12c4022d717/;;
Mangrove GermanCo II;(Junior) Group Treasury Manager, Systems and Processes (m/w/d);Germany;Carsten;Nein;;StepStone.de;2026-04-07;;https://www.stepstone.de/cmp/de/mangrove-germanco-ii-gmbh-356139/jobs;;
HOYER GmbH Internationale Fachspedition;Referent Treasury (m/w/d);Germany;Carsten;Ja;;StepStone.de;2026-04-07;;https://www.stepstone.de/cmp/de/hoyer-gmbh-internationale-fachspedition-37379/jobs;;
WOLF Group;Spezialist Treasury und Accounting (m/w/d);Germany;Carsten;Nein;;StepStone.de;2026-04-07;;https://www.stepstone.de/cmp/de/wolf-group-3603/jobs;;
Sparkasse Hildesheim Goslar Peine;Mitarbeiter (m/w/d) im Treasury;Germany;Carsten;Ja;2025-10-17;StepStone.de;2026-04-07;;https://www.stepstone.de/cmp/de/sparkasse-hildesheim-goslar-peine-71825/jobs;;
IKK classic;Treasury Manager - Liquiditätsmanagement (w/m/d);Germany;Carsten;Nein;;StepStone.de;2026-04-07;;https://www.stepstone.de/cmp/de/ikk-classic-207223/jobs;;
State Street Bank International;Global Treasury, Intraday Liquidity Analyst, AVP, m/f/d;Germany;Carsten;Ja;;StepStone.de;2026-04-07;;https://www.stepstone.de/cmp/de/state-street-bank-international-gmbh-1634/jobs;;
Drägerwerk AG & Co.;Inhouse SAP Consultant Treasury (m/w/d);Germany;Carsten;Ja;2025-03-10;StepStone.de;2026-04-07;;https://www.stepstone.de/cmp/de/dr%c3%a4gerwerk-ag-%26-co-kgaa-24121/jobs;;
LEONI Kabel;(Senior) Treasury Manager (m/w/d);Germany;Carsten;Ja;2026-02-11;StepStone.de;2026-04-07;;https://www.stepstone.de/cmp/de/leoni-kabel-gmbh-317775/jobs;;
ams OSRAM;Referent*in (d/m/w) Konzern-Treasury & Risk Management;Germany;Carsten;Nein;;StepStone.de;2026-04-07;;https://www.stepstone.de/cmp/de/ams-osram-8223/jobs;;
fenaco Genossenschaft;Fachspezialistin / Fachspezialist Middle Office Konzern-Treasury w/m/d;Switzerland;Tobias;Ja;;Jobs.ch;2026-04-05;;https://www.jobs.ch/en/vacancies/detail/02516f96-d3ba-4478-9887-0ba09b7744d0/;;
Theo Klein+Partner Unternehmensberatung;Finanzmanager (m/w/d) Buchhaltung & Controlling;Germany;Carsten;Nein;;StepStone.de;2026-04-05;;https://www.stepstone.de/cmp/de/theo-klein%2bpartner-unternehmensberatung-176105/jobs;;
atania;(Senior) Manager Group Controlling & Treasury (m/w/d);Germany;Carsten;Nein;;StepStone.de;2026-04-02;;https://www.stepstone.de/cmp/de/atania-422454/jobs;;
LEIFHEIT;Junior Spezialist Finanzen (m/w/d) für den Bereich Rechnungswesen / Konsolidierung / Treasury;Germany;Carsten;Nein;;StepStone.de;2026-04-02;;https://www.stepstone.de/cmp/de/leifheit-ag-97239/jobs;;
Primeo Energie;Treasurer 80-100%;Switzerland;Tobias;Nein;;Jobs.ch;2026-03-16;;https://www.jobs.ch/en/vacancies/detail/6901a6fd-7cfe-4a50-a3a1-a4b7512173e0/;;
Progroup;Bankkaufmann / Finanzwirt als Treasury Manager (m/w/d);Germany;Carsten;Nein;;StepStone.de;2026-03-15;;https://www.stepstone.de/cmp/de/progroup-ag-55961/jobs;;
NOVUM Hospitality;"(Junior) Treasury Manager - ""Der Schatzmeister""*";Germany;Carsten;Nein;;StepStone.de;2026-03-15;;https://www.stepstone.de/cmp/de/novum-hospitality-201651/jobs;;
Charleston Holding;Treasury & Funding Specialist (m/w/d);Germany;Carsten;Nein;;StepStone.de;2026-03-15;;https://www.stepstone.de/cmp/de/charleston-holding-gmbh-142118/jobs;;
Papierfabrik Adolf Jass;Senior Manager Treasury (m/w/d);Germany;Carsten;Nein;;StepStone.de;2026-03-15;;https://www.stepstone.de/cmp/de/papierfabrik-adolf-jass-gmbh-415397/jobs;;
Mersen Deutschland Holding;Treasury Assistant (m/w/d) – 32 Stunden / Teilzeit;Germany;Carsten;Nein;;StepStone.de;2026-03-15;;https://www.stepstone.de/cmp/de/mersen-deutschland-holding-gmbh-392641/jobs;;
Deutsche WertpapierService Bank;Treasury Spezialist (m/w/d) – Cash Management & FX;Germany;Sven;Ja;2026-02-11;StepStone.de;2026-03-15;;https://www.stepstone.de/cmp/de/deutsche-wertpapierservice-bank-ag-38841/jobs;;
ifm-Unternehmensgruppe;Treasurer / Specialist Treasury (m/w/d);Germany;Carsten;Nein;;StepStone.de;2026-03-15;;https://www.stepstone.de/cmp/de/ifm-unternehmensgruppe-1768/jobs;;
WM;(Junior) Treasury Manager im Bereich Finanzen + Controlling (m/w/d);Germany;Carsten;Nein;;StepStone.de;2026-03-15;;https://www.stepstone.de/cmp/de/wm-se-78732/jobs;;
SOLIT Group;Treasury Manager - Cash Management / Zahlungsverkehr / Dynamics 365 (m/w/d);Germany;Sven;Nein;;StepStone.de;2026-03-15;;https://www.stepstone.de/cmp/de/solit-group-ag-408506/jobs;;
MERKUR.COM;Industriekaufmann / Bankkaufmann als Cash-Manager im Group Treasury (m/w/d);Germany;Carsten;Nein;;StepStone.de;2026-03-15;;https://www.stepstone.de/cmp/de/merkurcom-ag-352115/jobs;;
United Internet;Senior Treasury Manager (w/m/d) - Schwerpunkt Cash Management;Germany;Sven;Ja;;StepStone.de;2026-03-15;;https://www.stepstone.de/cmp/de/united-internet-ag-39014/jobs;;
SERVA Electrophoresis;Finanzmanager (m/w/d);Germany;Carsten;Nein;;StepStone.de;2026-03-15;;https://www.stepstone.de/cmp/de/serva-electrophoresis-gmbh-314407/jobs;;
Wacker Neuson Group;Manager (m/w/d) Corporate Treasury & Insurance;Germany;Carsten;Nein;;StepStone.de;2026-03-15;;https://www.stepstone.de/cmp/de/wacker-neuson-group-29870/jobs;;
Allianz Investment Management;Working Student Cash Management (m/w/d);Germany;Sven;Ja;;StepStone.de;2026-03-15;;https://www.stepstone.de/cmp/de/allianz-investment-management-se-56706/jobs;;
Nassauische Heimstätte Wohnungs- und Entwicklungsgesellschaft mbH;Mitarbeiter:in Unternehmensfinanzierung (m/w/d);Germany;Stephan;Nein;;StepStone.de;2026-03-15;;https://www.stepstone.de/cmp/de/nassauische-heimst%c3%a4tte-wohnungs-und-entwicklungsgesellschaft-mbh-141242/jobs;;
Calida;Teamlead Accounting & Treasury (m/w/d);Switzerland;Tobias;Ja;;Jobs.ch;2026-03-13;;https://www.jobs.ch/en/vacancies/detail/40488933-8752-4633-8a7f-746d56b1c557/;;
Sensirion;Group Tax & Treasury Manager (m/w/d);Switzerland;Tobias;Nein;;Jobs.ch;2026-03-12;;https://www.jobs.ch/en/vacancies/detail/82100c7f-11ff-4a40-a12c-ab9b78c5e2d5/;;
Invenimus Personalberatung;Manager Treasury (m/w/d);Germany;Carsten;Nein;;StepStone.de;2026-03-10;;https://www.stepstone.de/cmp/de/invenimus-personalberatung-gmbh-2391/jobs;;
active-consulting;Corporate Treasury Manager;Switzerland;Tobias;Nein;;Jobs.ch;2026-03-10;;https://www.jobs.ch/en/vacancies/detail/5dda30e5-e3a7-4a04-920d-53a3261ae8b3/;;
Biesterfeld Group;Treasurer (m/w/d);Germany;Carsten;Ja;2025-10-15;StepStone.de;2026-03-10;;https://www.stepstone.de/cmp/de/biesterfeld-group-7041/jobs;;
Schindler Deutschland AG & Co. KG;Mitarbeiter*in (m/w/d) Treasury Cash Application in Teilzeit (17,5 h/Woche);Germany;Carsten;Nein;;StepStone.de;2026-03-10;;https://www.stepstone.de/cmp/de/schindler-deutschland-ag-%26-co-kg-4803/jobs;;
Healy World;Treasury Expert (m/w/d) im Rhein-Main Gebiet;Germany;Carsten;Nein;;StepStone.de;2026-03-10;;https://www.stepstone.de/cmp/de/healy-world-gmbh-224260/jobs;;
Dr. August Oetker Nahrungsmittel KG;Praktikant (m/w/d) International Accounting & Treasury;Germany;Carsten;Ja;;StepStone.de;2026-03-10;;https://www.stepstone.de/cmp/de/dr-august-oetker-nahrungsmittel-kg-24438/jobs;;
BRANICKS Group;Treasury Manager (m/w/d);Germany;Carsten;Ja;2026-01-13;StepStone.de;2026-03-10;;https://www.stepstone.de/cmp/de/branicks-group-ag-418989/jobs;;
Deutsche Leasing;Spezialist Treasury (m/w/d) Marktpreis- und Liquiditätsrisiken;Germany;Carsten;Ja;;StepStone.de;2026-03-10;;https://www.stepstone.de/cmp/de/deutsche-leasing-ag-42425/jobs;;
Sparkasse Rhein-Nahe;Leiter/-in Immobilien & Beteiligungen im Bereich Treasury und Immobilien;Germany;Carsten;Ja;2025-10-17;StepStone.de;2026-03-10;;https://www.stepstone.de/cmp/de/sparkasse-rhein-nahe-68286/jobs;;
tups & tups management consultants;Head of Accounting & Treasury (w/m/d) /Leitung Finanzbuchhaltung & Treasury (w/m/d);Germany;Carsten;Nein;;StepStone.de;2026-03-10;;https://www.stepstone.de/cmp/de/tups-%26-tups-management-consultants-45918/jobs;;
HPA - Hamburg Port Authority AöR;Finanzmanager*in Public;Germany;Carsten;Nein;;StepStone.de;2026-03-10;;https://www.stepstone.de/cmp/de/hpa-hamburg-port-authority-a%c3%b6r-43807/jobs;;
BNP Paribas S.A.;Working Student (all genders) in the range of ALM-Treasury Germany & Austria at BNP Paribas;Germany;Carsten;Ja;2025-12-16;StepStone.de;2026-03-10;;https://www.stepstone.de/cmp/de/bnp-paribas-sa-151113/jobs;;
Deutsche Börse Group;Treasury Manager (f/m/d);Germany;Carsten;Ja;2025-11-12;StepStone.de;2026-03-10;;https://www.stepstone.de/cmp/de/deutsche-b%c3%b6rse-group-167150/jobs;;
V-Bank;Mitarbeiter (g.n.) im Bereich Treasury / Junior Treasury Manager (g.n);Germany;Carsten;Ja;2025-02-24;StepStone.de;2026-03-01;;https://www.stepstone.de/cmp/de/v-bank-ag-81048/jobs;;
Bremer Straßenbahn Aktiengesellschaft;Referent für Treasury und Liquiditätsmanagement (m/w/d);Germany;Carsten;Nein;;StepStone.de;2026-03-01;;https://www.stepstone.de/cmp/de/bremer-stra%c3%9fenbahn-aktiengesellschaft-86483/jobs;;
Messer SE & Co.;Treasury Manager (m/f/d);Germany;Carsten;Ja;;StepStone.de;2026-03-01;;https://www.stepstone.de/cmp/de/messer-se-%26-co-kgaa-91331/jobs;;
Bausparkasse Schwäbisch Hall;Referent Strategisches Treasury (m/w/d);Germany;Carsten;Ja;2026-01-29;StepStone.de;2026-03-01;;https://www.stepstone.de/cmp/de/bausparkasse-schw%c3%a4bisch-hall-ag-3004/jobs;;
BEW Berliner Energie und Wärme;Application Consultant Treasury;Germany;Carsten;Nein;;StepStone.de;2026-03-01;;https://www.stepstone.de/cmp/de/bew-berliner-energie-und-w%c3%a4rme-gmbh-244262/jobs;;
MAN Finance & Mobility Services;Financial Analyst Treasury (m/w/d);Germany;Carsten;Ja;;StepStone.de;2026-03-01;;https://www.stepstone.de/cmp/de/man-finance-%26-mobility-services-gmbh-396218/jobs;;
Scheer Group;SAP Consultant (m/w/d) für Cash & Liquidity Solutions;Germany;Carsten;Nein;;StepStone.de;2026-03-01;;https://www.stepstone.de/cmp/de/scheer-group-124373/jobs;;
Ringier;Sachbearbeiter:in Treasury & Finanzen (a)* 50% - 70%;Switzerland;Tobias;Nein;;Jobs.ch;2026-03-01;;https://www.jobs.ch/en/vacancies/detail/35f17e8e-0dff-4f15-9fa0-808426321980/;;
Calida;Teamlead Accounting & Treasury (m/w/d);Switzerland;Tobias;Ja;;Jobs.ch;2026-02-27;;https://www.jobs.ch/en/vacancies/detail/d30acf51-35eb-41f9-9416-30050e6dd05f/;;
VR Bank Lahn-Dill eG;Senior Baufinanzierungsberater (m/w/d);Germany;Stephan;Nein;;StepStone.de;2026-02-27;;https://www.stepstone.de/cmp/de/vr-bank-lahn-dill-eg-251900/jobs;;
RBA Regionalbus Augsburg;Treasury & Cash Referent (m/w/d);Germany;Carsten;Nein;;StepStone.de;2026-02-27;;https://www.stepstone.de/cmp/de/rba-regionalbus-augsburg-gmbh-108530/jobs;;
Omya;Treasury Front Office & Risk Manager;Switzerland;Tobias;Ja;2025-03-31;Jobs.ch;2026-02-26;;https://www.jobs.ch/en/vacancies/detail/9b6eabbe-9335-4a76-a46d-2480b761b81e/;;
Würth Management;Treasury Controller / Treasury Controllerin 80-100 %;Switzerland;Tobias;Nein;;Jobs.ch;2026-02-25;;https://www.jobs.ch/en/vacancies/detail/775eb61f-f790-4592-85b6-9a410d18ffa2/;;
ORIOR Management;Treasury Assistant, 60-80% (m/w/d);Switzerland;Tobias;Ja;;Jobs.ch;2026-02-22;;https://www.jobs.ch/en/vacancies/detail/086dc49a-10b8-4f0e-b7c9-f7dc1f5609c0/;;
Selby Jennings;Treasury Manager (m/w/d);Germany;Carsten;Ja;;LinkedIn;2026-02-22;;https://www.linkedin.com/comm/jobs/view/4363159584;;
TIME Manufacturing Company,;Treasury Manager;Germany;Carsten;Nein;;LinkedIn;2026-02-22;;https://www.linkedin.com/comm/jobs/view/4372177146;;
United Internet Media;Senior Treasury Manager (w/m/d) - Schwerpunkt Cash Management;Germany;Sven;Ja;;LinkedIn;2026-02-22;;https://www.linkedin.com/comm/jobs/view/4363161845;;
Agoda;Treasury Manager, Banking & Strategy (Bangkok Based, Relocation Provided);Germany;Carsten;Ja;2024-11-28;LinkedIn;2026-02-22;;https://www.linkedin.com/comm/jobs/view/4371031597;;
nexpera;Treasury Manager:in;Germany;Carsten;Nein;;LinkedIn;2026-02-22;;https://www.linkedin.com/comm/jobs/view/4370597642;;
Amadeus Fire;Treasury Manager - Cash Management - Zahlungsverkehr (m/w/d);Germany;Sven;Ja;2025-06-04;LinkedIn;2026-02-22;;https://www.linkedin.com/comm/jobs/view/4371479938;;
SAP;SAP Business Processes Consultant (w/m/d) für SAP Treasury;Germany;Carsten;Nein;;LinkedIn;2026-02-22;;https://www.linkedin.com/comm/jobs/view/4311627903;;
SAP;SAP Business Processes Consultant (w/m/d) für SAP Treasury;Germany;Carsten;Nein;;LinkedIn;2026-02-22;;https://www.linkedin.com/comm/jobs/view/4311640675;;
Randstad Switzerland;Treasury Manager (w/m/d);Switzerland;Tobias;Ja;;LinkedIn;2026-02-22;;https://www.linkedin.com/comm/jobs/view/4363913055;;
Sensirion;Group Tax & Treasury Manager • 80-100%;Switzerland;Tobias;Nein;;LinkedIn;2026-02-22;;https://www.linkedin.com/comm/jobs/view/4372106126;;
Revolut;Treasury Manager;Unknown;Carsten;Ja;2025-05-20;LinkedIn;2026-02-22;;https://www.linkedin.com/comm/jobs/view/4360874203;;
Maerki Baumann & Co.;Mitarbeiter/in Treasury & Operations (80 - 100 %);Switzerland;Tobias;Ja;2026-01-27;Jobs.ch;2026-02-20;;https://www.jobs.ch/en/vacancies/detail/8887fac5-27d0-449e-a1a0-0536327f601f/;;
Techniker Krankenkasse;Teamleitung Bank- & Liquiditätsmanagement (m/w/d);Germany;Carsten;Ja;2026-01-27;StepStone.de;2026-02-19;;https://www.stepstone.de/cmp/de/techniker-krankenkasse-6272/jobs;;
Eliso;(Junior) Manager Finance & Treasury (m/w/d);Germany;Carsten;Ja;;StepStone.de;2026-02-19;;https://www.stepstone.de/cmp/de/eliso-gmbh-210382/jobs;;
Bank of America National Association Frankfurt;Treasury Sales Officer - Global Financial Institutions Group Sales (Global Payments Solutions, Frankfurt);Germany;Carsten;Ja;2026-02-12;StepStone.de;2026-02-16;;https://www.stepstone.de/cmp/de/bank-of-america-national-association-frankfurt-5177054/jobs;;
Bertelsmann SE & Co.;Senior Expert Corporate Treasury (m/w/d);Germany;Carsten;Ja;2026-01-14;StepStone.de;2026-02-16;;https://www.stepstone.de/cmp/de/bertelsmann-se-%26-co-kgaa-2743/jobs;;
Apleona;Werkstudent / Praktikant (w/m/d) im Bereich Treasury;Germany;Carsten;Nein;;StepStone.de;2026-02-16;;https://www.stepstone.de/cmp/de/apleona-gmbh-192321/jobs;;
OTTO Payments;Treasury Manager | OTTO Payments (m/w/d);Germany;Carsten;Ja;2025-06-17;StepStone.de;2026-02-16;;https://www.stepstone.de/cmp/de/otto-payments-gmbh-271319/jobs;;
COMPO EXPERT;Treasury Mitarbeiter:in (m/w/d);Germany;Carsten;Nein;;StepStone.de;2026-02-16;;https://www.stepstone.de/cmp/de/compo-expert-gmbh-110025/jobs;;
Romande Energie;Cash Manager (f/h) 60-80%;Switzerland;Tobias;Ja;;Jobs.ch;2026-02-15;;https://www.jobs.ch/en/vacancies/detail/cd75b468-9fa5-4cc3-ad17-4a24240f941d/;;
TROTEC;Expert Group Controlling & Treasury (m/w/d)*;Germany;Carsten;Nein;;StepStone.de;2026-02-15;;https://www.stepstone.de/cmp/de/trotec-gmbh-233032/jobs;;
Schwarz Corporate Solutions;Direktor (m/w/d) Administration - SG Finance & Treasury Limited (Dublin);Germany;Carsten;Ja;2026-01-13;StepStone.de;2026-02-15;;https://www.stepstone.de/cmp/de/schwarz-corporate-solutions-152212/jobs;;
